Question ID,Total Answers
1955350,1
1955390,5
1955410,5
1955420,5
1955510,1
1955610,3
1955620,3
1955630,2
1955720,14
1955730,2
1955770,5
1955810,4
1955860,2
1955880,2
1955890,2
1955920,1
1955930,1
1955980,4
1955990,2
1956000,4
1956020,5
1956050,6
1956070,1
1956140,4
1956170,6
1956330,2
1956340,1
1956360,1
1956440,1
1956530,2
1956590,2
1956640,3
1956730,1
1956830,3
1956850,3
1956880,2
1956910,3
1956930,2
1956950,1
1956970,3
1956980,2
1957000,6
1957010,1
1957030,4
1957120,1
1957130,2
1957210,5
1957240,1
1957290,5
1957360,3
1957390,6
1957440,1
1957480,2
1957510,1
1957540,3
1957550,6
1957560,1
1957580,2
1957590,4
1957600,1
1957700,7
1957710,3
1957780,3
1957850,3
1957920,5
1957950,3
1957980,2
1958050,1
1958110,3
1958150,1
1958180,1
1958280,1
1958290,6
1958320,3
1958330,4
1958400,1
1958410,2
1958470,3
1958480,1
1958500,2
1958540,4
1958550,1
1958570,3
1958640,3
1958650,2
1958700,2
1958710,2
1958760,2
1958810,1
1958870,3
1958880,3
1958900,4
1958920,4
1958950,3
1958960,2
1959040,8
1959080,2
1959100,2
1959150,5
1959170,4
1959210,3
1959240,6
1959270,3
1959330,2
1959430,3
1959560,2
1959580,1
1959600,2
1959660,1
1959680,10
1959700,1
1959780,1
1959810,2
1959890,4
1960030,1
1960140,1
1960180,3
1960190,1
1960200,12
1960230,4
1960240,13
1960250,1
1960260,1
1960280,7
1960300,4
1960360,1
1960430,1
1960450,3
1960530,1
1960560,6
1960660,5
1960690,4
1960730,1
1960740,1
1960750,6
1960790,2
1960800,4
1960830,4
1960850,1
1960860,5
1960870,5
1960920,3
1960930,2
1960960,5
1961020,4
1961030,2
1961190,1
1961200,5
1961240,3
1961340,6
1961350,6
1961370,3
1961570,2
1961580,3
1961690,2
1961700,3
1961810,1
1961820,1
1961830,2
1961840,3
1961850,5
1961860,5
1961950,2
1962000,1
1962010,1
1962130,5
1962150,3
1962220,4
1962310,9
1962340,1
1962360,3
1962400,2
1962410,3
1962460,3
1962500,2
1962530,3
1962540,3
1962600,2
1962610,2
1962700,1
1962740,1
1962790,1
1962810,1
1962860,1
1962880,2
1962910,1
1962980,4
1963040,6
1963060,2
1963090,7
1963120,2
1963140,1
1963180,2
1963220,1
1963260,5
1963300,1
1963360,4
1963560,5
1963600,2
1963650,3
1963780,6
1963790,3
1963870,4
1963880,1
1963960,2
1964120,4
1964150,5
1964280,4
1964470,9
1964500,5
1964550,2
1964620,5
1964650,2
1964680,1
1964750,3
1964770,3
1964820,3
1964860,1
1964880,4
1964930,1
1964980,2
1964990,2
1965020,2
1965030,6
1965080,3
1965100,2
1965150,2
1965180,2
1965210,1
1965290,1
1965310,2
1965340,2
1965360,2
1965400,2
1965430,2
1965440,3
1965500,7
1965520,1
1965540,3
1965570,4
1965600,2
1965640,2
1965700,2
1965740,1
1965840,7
1965870,1
1965890,1
1966010,7
1966030,2
1966050,5
1966120,5
1966240,2
1966280,4
1966300,2
1966340,5
1966360,1
1966370,3
1966380,5
1966540,3
1966640,1
1966690,2
1966750,5
1966770,3
1966780,2
1966820,7
1966920,3
1966950,8
1966970,1
1967000,5
1967020,1
1967040,4
1967100,2
1967170,1
1967210,1
1967220,6
1967250,4
1967360,5
1967370,15
1967380,2
1967460,4
1967490,1
1967510,2
1967540,6
1967590,4
1967660,3
1967670,2
1967730,2
1967740,6
1967860,1
1967980,3
1967990,2
1968030,1
1968040,2
1968070,1
1968080,2
1968090,1
1968170,13
1968180,3
1968200,5
1968220,2
1968260,4
1968290,4
1968300,4
1968380,4
1968470,4
1968480,4
1968560,2
1968610,1
1968670,3
1968710,1
1968770,4
1968780,1
1968790,3
1968800,1
1968880,5
1968900,2
1968930,10
1968950,3
1968970,5
1969090,2
1969150,2
1969220,2
1969240,4
1969290,6
1969330,2
1969360,6
1969410,1
1969490,5
1969560,2
1969620,6
1969630,2
1969670,2
1969720,4
1969730,1
1969740,3
1969800,2
1969830,4
1969880,1
1969900,1
1969950,1
1970030,2
1970060,2
1970070,2
1970150,1
1970160,6
1970180,2
1970220,6
1970260,4
1970380,2
1970420,4
1970450,1
1970550,1
1970600,4
1970620,5
1970630,5
1970660,4
1970680,4
1970800,1
1970840,1
1970880,8
1970900,2
1970940,4
1970950,3
1971010,4
1971130,2
1971150,3
1971220,1
1971240,5
1971260,2
1971300,1
1971310,3
1971340,3
1971360,7
1971400,4
1971420,1
1971430,2
1971470,1
1971600,2
1971670,6
1971680,2
1971800,3
1971830,2
1971870,1
1971890,1
1971910,2
1971950,1
1971960,3
1972010,3
1972090,1
1972100,12
1972110,4
1972120,7
1972230,2
1972380,1
1972420,1
1972500,2
1972510,3
1972550,4
1972580,4
1972600,3
1972640,2
1972690,4
1972760,1
1972790,3
1972820,1
1972830,1
1972840,1
1972910,7
1972960,2
1972990,3
1973050,13
1973100,4
1973110,2
1973140,4
1973180,2
1973210,1
1973240,3
1973250,1
1973330,1
1973360,1
1973420,4
1973450,1
1973510,2
1973590,6
1973680,2
1973780,2
1973800,1
1973810,3
1973840,1
1973880,6
1973930,1
1973990,1
1974040,2
1974060,3
1974200,3
1974250,3
1974290,3
1974380,1
1974400,7
1974480,1
1974490,2
1974520,1
1974670,3
1974710,1
1974810,1
1974840,2
1974870,2
1974890,3
1974930,3
1974940,8
1974960,1
1974980,11
1975040,2
1975110,6
1975170,2
1975180,4
1975210,1
1975230,5
1975240,2
1975250,4
1975260,4
1975280,2
1975290,4
1975320,3
1975360,5
1975440,4
1975460,3
1975500,5
1975520,7
1975570,5
1975620,3
1975670,2
1975700,4
1975720,1
1975730,1
1975740,8
1975780,3
1975820,3
1975840,1
1975900,1
1975910,1
1976020,2
1976070,4
1976080,4
1976110,4
1976160,2
1976200,5
1976240,2
1976280,5
1976320,1
1976490,3
1976500,1
1976510,4
1976520,7
1976560,2
1976630,1
1976670,3
1976720,1
1976730,1
1976750,1
1976850,2
1976880,2
1976890,2
1976930,7
1976950,3
1977040,4
1977110,1
1977120,1
1977170,2
1977220,6
1977230,5
1977340,6
1977390,4
1977400,5
1977460,4
1977530,2
1977590,1
1977610,5
1977660,7
1977780,5
1977800,2
1977840,1
1977880,3
1977890,4
1977900,1
1977910,1
1978000,6
1978020,3
1978220,1
1978260,1
1978270,4
1978340,4
1978420,2
1978500,1
1978520,2
1978540,5
1978590,4
1978630,6
1978640,3
1978700,2
1978720,3
1978740,1
1978770,3
1978780,1
1978830,1
1978840,4
1978880,2
1978890,1
1978910,1
1978990,1
1979000,4
1979110,1
1979160,1
1979210,2
1979370,2
1979380,1
1979450,3
1979520,6
1979610,3
1979620,3
1979750,2
1979770,1
1979860,1
1979920,7
1980030,1
1980160,3
1980190,1
1980200,5
1980230,1
1980320,1
1980340,1
1980380,1
1980410,3
1980460,1
1980520,3
1980600,3
1980640,8
1980650,1
1980730,2
1980830,4
1980850,1
1980860,2
1980880,1
1980890,5
1980920,4
1980960,5
1981070,3
1981170,2
1981260,1
1981330,2
1981380,1
1981390,7
1981400,6
1981430,3
1981440,1
1981480,3
1981500,3
1981660,4
1981670,8
1981680,5
1981740,2
1981750,3
1981760,3
1981830,7
1981850,1
1981880,4
1981900,2
1982000,2
1982070,1
1982080,1
1982090,1
1982230,2
1982370,4
1982410,2
1982430,3
1982460,1
1982520,5
1982530,2
1982540,1
1982570,4
1982700,2
1982770,3
1982890,8
1982980,1
1983010,1
1983020,1
1983030,1
1983040,3
1983100,7
1983240,2
1983330,4
1983420,3
1983500,2
1983520,2
1983570,2
1983600,4
1983620,5
1983710,3
1983790,2
1983860,2
1983890,3
1983990,2
1984010,4
1984090,5
1984110,2
1984130,1
1984240,2
1984250,1
1984260,1
1984320,7
1984370,2
1984400,1
1984450,3
1984530,2
1984550,2
1984720,5
1984850,1
1984870,3
1984930,4
1984980,3
1985030,1
1985130,2
1985140,1
1985180,2
1985240,1
1985250,2
1985260,14
1985360,4
1985390,2
1985480,4
1985550,2
1985560,5
1985680,1
1985730,5
1985760,7
1985810,8
1985830,2
1985840,4
1985880,2
1985890,2
1985930,2
1985990,10
1986050,5
1986060,4
1986100,2
1986240,2
1986330,2
1986370,2
1986400,10
1986420,1
1986440,3
1986490,5
1986520,3
1986530,3
1986550,1
1986580,3
1986600,1
1986610,2
1986620,3
1986640,4
1986660,4
1986760,1
1986960,3
1986970,1
1986980,3
1987000,1
1987020,1
1987060,2
1987090,1
1987170,1
1987190,6
1987200,2
1987210,1
1987230,1
1987280,3
1987390,3
1987440,2
1987470,3
1987570,2
1987610,5
1987720,2
1987730,2
1987740,4
1987790,2
1987820,3
1987910,1
1987930,2
1987950,5
1987990,3
1988010,1
1988060,2
1988070,2
1988100,3
1988110,5
1988140,2
1988150,1
1988160,2
1988170,3
1988230,2
1988280,2
1988300,3
1988320,3
1988440,2
1988500,3
1988510,1
1988570,5
1988690,2
1988730,1
1988840,2
1988920,1
1988930,1
1988970,2
1989000,2
1989040,1
1989060,1
1989100,4
1989140,2
1989150,1
1989170,3
1989180,2
1989220,4
1989240,2
1989330,1
1989340,1
1989360,2
1989440,3
1989450,3
1989460,4
1989480,1
1989490,6
1989500,8
1989600,4
1989670,3
1989680,1
1989700,3
1989750,1
1989850,1
1989880,1
1989900,2
1989950,2
1989990,3
1990010,1
1990020,3
1990070,5
1990100,1
1990110,2
1990210,9
1990230,2
1990260,4
1990280,2
1990310,2
1990340,1
1990360,3
1990400,1
1990470,3
1990510,1
1990620,5
1990640,2
1990700,1
1990710,2
1990790,2
1990850,1
1990860,1
1991030,8
1991120,2
1991160,3
1991200,4
1991240,3
1991290,3
1991350,2
1991380,15
1991430,2
1991480,1
1991530,2
1991600,1
1991630,2
1991670,12
1991690,1
1991710,2
1991720,5
1991750,1
1991760,1
1991810,1
1991820,3
1991840,2
1991890,1
1991930,2
1992000,4
1992120,4
1992130,1
1992190,2
1992200,2
1992220,2
1992280,2
1992400,3
1992410,4
1992430,3
1992450,4
1992520,2
1992560,3
1992640,2
1992660,2
1992710,3
1992720,5
1992800,2
1992900,3
1992950,3
1992970,10
1993010,3
1993040,2
1993050,2
1993060,3
1993070,6
1993140,7
1993240,3
1993250,1
1993300,1
1993390,14
1993580,4
1993620,3
1993720,3
1993760,5
1993790,2
1993820,1
1993840,5
1993850,1
1993900,4
1994120,2
1994190,6
1994230,2
1994240,3
1994310,2
1994360,4
1994380,3
1994400,3
1994490,3
1994610,3
1994620,2
1994650,1
1994750,5
1994760,2
1994800,2
1994820,3
1994870,1
1994880,3
1994910,3
1994920,4
1994970,4
1995010,4
1995030,1
1995080,5
1995150,1
1995270,1
1995290,8
1995320,10
1995370,3
1995440,2
1995480,1
1995520,1
1995620,1
1995650,1
1995720,4
1995770,6
1995810,1
1995830,4
1995850,1
1995890,10
1996000,4
1996140,1
1996230,7
1996270,4
1996320,3
1996370,2
1996410,1
1996530,3
1996600,3
1996650,2
1996680,4
1996700,1
1996860,2
1996870,4
1996900,4
1996950,5
1997150,3
1997200,2
1997220,3
1997270,2
1997350,3
1997370,1
1997420,1
1997470,2
1997540,4
1997570,1
1997580,2
1997670,2
1997710,6
1997750,2
1997850,2
1997890,1
1998030,4
1998070,3
1998080,2
1998110,3
1998120,5
1998140,1
1998190,2
1998210,1
1998340,5
1998360,2
1998400,1
1998420,5
1998430,3
1998470,3
1998540,1
1998560,3
1998590,3
1998630,2
1998760,2
1998770,3
1998830,2
1998900,2
1998910,4
1999020,20
1999150,9
1999190,1
1999200,1
1999300,1
1999390,1
1999420,1
1999460,2
1999480,3
1999520,2
1999530,1
1999550,1
1999580,1
1999590,1
1999680,3
1999760,4
1999810,1
1999830,2
1999840,3
1999930,2
1999950,3
2000030,3
2000050,5
2000100,4
2000140,3
2000200,1
2000340,2
2000410,4
2000440,5
2000500,1
2000510,3
2000570,2
2000580,3
2000600,4
2000610,2
2000770,3
2000780,1
2000790,1
2000820,4
2000870,1
2000890,3
2000910,3
2001050,1
2001120,1
2001190,3
2001200,4
2001210,3
2001230,1
2001300,2
2001310,2
2001360,9
2001400,1
2001440,1
2001460,1
2001540,4
2001560,2
2001580,2
2001590,5
2001700,8
2001730,4
2001760,3
2001770,6
2001840,2
2001850,2
2001870,2
2001900,1
2001920,2
2001930,2
2001940,5
2002100,4
2002120,3
2002170,6
2002180,1
2002220,4
2002260,2
2002300,1
2002330,9
2002350,2
2002390,2
2002400,1
2002420,3
2002460,2
2002500,6
2002550,4
2002570,3
2002580,1
2002610,5
2002710,7
2002760,2
2002770,4
2002780,3
2002890,3
2002920,2
2002940,8
2002970,2
2003020,5
2003030,2
2003200,6
2003220,4
2003290,4
2003380,7
2003410,2
2003440,3
2003480,2
2003500,1
2003610,4
2003620,3
2003630,4
2003700,2
2003740,3
2003840,3
2003870,2
2003890,2
2004010,1
2004040,4
2004060,2
2004080,3
2004130,1
2004190,1
2004210,2
2004270,1
2004300,1
2004350,3
2004380,2
2004400,1
2004450,1
2004490,2
2004500,1
2004510,5
2004610,2
2004630,1
2004720,7
2004730,2
2004760,3
2004780,1
2004790,5
2004810,6
2004820,5
2004850,2
2004860,1
2004870,3
2004920,1
2005020,1
2005030,1
2005040,1
2005050,1
2005070,1
2005140,2
2005150,2
2005160,3
2005180,1
2005200,6
2005250,4
2005260,3
2005270,1
2005350,5
2005450,1
2005470,3
2005510,2
2005520,1
2005540,3
2005570,4
2005610,3
2005650,4
2005680,5
2005690,1
2005700,1
2005720,7
2005790,4
2005820,1
2005980,5
2006020,3
2006050,2
2006140,4
2006190,9
2006240,4
2006290,5
2006300,4
2006320,2
2006330,2
2006340,1
2006350,2
2006370,2
2006610,2
2006680,1
2006790,1
2006870,2
2006890,2
2006900,5
2006950,1
2006960,5
2006990,1
2007010,2
2007020,3
2007030,3
2007070,2
2007110,1
2007130,2
2007160,3
2007280,3
2007290,3
2007450,5
2007460,2
2007470,1
2007510,2
2007530,2
2007540,4
2007550,5
2007600,1
2007690,5
2007720,2
2007850,1
2007940,1
2008060,7
2008130,1
2008190,3
2008250,4
2008260,5
2008310,1
2008420,2
2008460,1
2008480,1
2008520,2
2008600,1
2008610,4
2008630,3
2008720,2
2008740,1
2008760,2
2008800,4
2008970,2
2008990,2
2009060,5
2009160,8
2009200,2
2009210,7
2009240,2
2009330,6
2009400,3
2009420,4
2009510,4
2009520,2
2009530,5
2009550,6
2009560,2
2009710,2
2009730,5
2009740,5
2009750,2
2009830,3
2009870,2
2009880,2
2009900,2
2009910,3
2009960,1
2009970,2
2009980,3
2010100,4
2010140,2
2010300,1
2010340,1
2010350,1
2010360,3
2010400,4
2010410,2
2010440,5
2010490,2
2010500,1
2010520,2
2010560,1
2010620,5
2010660,1
2010750,2
2010760,1
2010780,2
2010800,1
2010990,9
2011000,2
2011010,2
2011030,1
2011050,14
2011060,3
2011100,1
2011120,1
2011150,4
2011160,4
2011240,1
2011340,1
2011380,5
2011390,2
2011450,3
2011510,2
2011540,3
2011570,1
2011600,2
2011640,3
2011710,1
2011720,2
2011740,6
2011760,1
2011880,2
2011900,3
2011950,1
2012000,1
2012140,1
2012190,4
2012210,4
2012220,1
2012240,2
2012340,4
2012430,1
2012440,5
2012460,5
2012480,1
2012490,5
2012500,1
2012510,11
2012530,2
2012550,2
2012610,9
2012630,3
2012670,4
2012780,4
2012790,3
2012810,12
2012820,3
2012870,5
2012890,1
2012900,7
2012950,7
2012960,5
2012990,1
2013000,1
2013050,2
2013080,1
2013200,1
2013230,1
2013270,5
2013310,1
2013390,1
2013430,3
2013630,4
2013680,4
2013690,1
2013710,3
2013720,1
2013810,1
2013840,2
2013850,4
2013880,14
2013900,1
2014020,1
2014030,1
2014250,2
2014270,4
2014310,3
2014340,1
2014440,1
2014570,3
2014640,2
2014670,2
2014680,1
2014690,2
2014700,8
2014730,1
2014790,1
2014820,3
2014840,1
2014850,1
2014890,5
2015040,1
2015100,1
2015180,6
2015230,6
2015280,1
2015290,5
2015320,2
2015330,3
2015350,4
2015360,1
2015400,1
2015470,7
2015530,3
2015570,1
2015600,1
2015730,3
2015740,1
2015810,7
2015920,1
2015980,4
2016020,1
2016140,3
2016170,4
2016190,11
2016240,4
2016250,4
2016300,1
2016320,3
2016360,4
2016470,2
2016480,2
2016500,5
2016520,1
2016580,1
2016640,3
2016700,1
2016710,3
2016730,4
2016740,1
2016850,1
2016890,2
2016900,2
2016930,1
2016990,3
2017050,2
2017170,2
2017200,1
2017220,1
2017230,5
2017270,4
2017280,5
2017290,2
2017320,4
2017350,1
2017360,1
2017440,1
2017490,2
2017510,6
2017520,2
2017570,1
2017660,3
2017750,5
2017780,5
2017860,2
2017930,5
2017940,1
2017990,4
2018040,1
2018050,3
2018070,2
2018080,2
2018110,4
2018120,1
2018140,1
2018200,1
2018210,1
2018300,1
2018310,2
2018320,3
2018360,1
2018380,3
2018390,4
2018480,5
2018500,1
2018550,8
2018560,2
2018570,6
2018590,1
2018630,1
2018650,2
2018700,1
2018710,4
2018730,3
2018740,2
2018770,1
2018790,2
2018850,9
2018880,1
2018900,2
2018910,5
2018930,3
2018980,1
2018990,4
2019190,6
2019230,4
2019280,3
2019290,2
2019360,4
2019370,2
2019380,4
2019480,2
2019500,5
2019510,6
2019540,3
2019670,2
2019730,1
2019780,1
2019790,1
2019850,3
2019880,1
2020000,5
2020120,1
2020180,1
2020230,1
2020250,2
2020270,3
2020290,4
2020350,1
2020360,2
2020480,1
2020490,6
2020500,4
2020510,2
2020520,5
2020570,8
2020590,1
2020610,1
2020660,3
2020670,4
2020690,1
2020730,1
2020790,2
2020800,3
2020840,1
2020940,6
2021030,3
2021040,3
2021050,2
2021060,1
2021120,2
2021140,5
2021180,1
2021250,1
2021340,2
2021370,4
2021440,3
2021450,2
2021470,4
2021500,2
2021570,7
2021580,2
2021610,1
2021710,5
2021720,2
2021740,4
2021830,1
2021860,2
2021880,5
2021890,4
2021910,4
2022030,6
2022040,2
2022070,1
2022140,3
2022170,2
2022180,3
2022190,4
2022200,7
2022220,1
2022280,2
2022310,1
2022350,2
2022380,2
2022390,1
2022430,3
2022440,1
2022450,3
2022470,1
2022640,1
2022650,2
2022660,2
2022680,2
2022710,4
2022720,1
2022730,2
2022740,4
2022780,1
2022850,1
2022870,3
2022960,3
2022970,4
2023010,2
2023060,3
2023100,4
2023120,2
2023130,12
2023210,3
2023220,2
2023240,2
2023250,1
2023320,2
2023330,2
2023340,4
2023390,1
2023420,2
2023620,4
2023640,3
2023660,3
2023700,4
2023730,2
2023780,1
2023870,1
2023900,2
2023940,1
2023990,2
2024030,3
2024040,6
2024080,1
2024150,2
2024170,3
2024220,3
2024240,1
2024250,2
2024310,2
2024320,2
2024340,3
2024370,1
2024450,2
2024500,1
2024510,2
2024570,1
2024600,7
2024610,3
2024620,1
2024640,1
2024650,4
2024660,4
2024700,1
2024730,3
2024790,8
2024850,2
2024860,3
2024870,1
2024900,3
2024920,4
2024950,2
2025010,1
2025100,1
2025210,3
2025240,3
2025280,4
2025290,8
2025380,3
2025440,3
2025450,2
2025470,1
2025510,2
2025570,1
2025590,2
2025610,1
2025700,3
2025710,1
2025720,1
2025730,11
2025740,1
2025780,1
2025830,3
2025880,1
2025940,5
2025950,5
2026000,3
2026150,1
2026260,8
2026270,1
2026290,3
2026320,4
2026340,1
2026410,5
2026430,3
2026480,2
2026510,12
2026530,1
2026580,2
2026720,3
2026740,2
2026810,5
2026840,2
2026970,6
2026990,3
2027050,1
2027070,3
2027100,6
2027150,1
2027160,2
2027200,3
2027240,1
2027260,1
2027270,8
2027290,3
2027300,1
2027330,1
2027340,2
2027450,1
2027460,1
2027570,7
2027610,2
2027680,3
2027790,4
2027810,1
2027830,2
2027940,4
2027960,5
2027970,1
2028080,3
2028110,3
2028160,2
2028170,2
2028220,4
2028230,1
2028270,2
2028310,9
2028330,3
2028380,2
2028390,4
2028410,2
2028420,5
2028440,3
2028450,1
2028470,3
2028620,3
2028870,1
2028900,1
2028940,3
2028950,1
2028980,2
2029070,3
2029170,2
2029200,1
2029240,4
2029270,3
2029300,1
2029430,1
2029490,1
2029520,4
2029590,4
2029630,1
2029650,1
2029660,2
2029680,3
2029690,6
2029700,1
2029730,5
2029810,1
2029880,3
2029900,2
2029910,3
2029920,3
2030010,1
2030020,3
2030090,2
2030190,3
2030360,1
2030420,2
2030430,2
2030530,9
2030550,3
2030610,3
2030620,1
2030660,1
2030730,2
2030750,3
2030780,3
2030810,3
2030820,3
2030880,2
2030890,1
2030910,3
2030940,2
2030970,5
2031010,5
2031020,1
2031050,3
2031070,8
2031080,1
2031110,2
2031140,1
2031250,4
2031330,4
2031390,2
2031410,3
2031480,2
2031560,3
2031580,3
2031650,2
2031680,2
2031720,1
2031740,15
2031830,2
2031850,1
2031940,7
2031980,2
2031990,2
2032060,1
2032190,2
2032210,1
2032270,2
2032360,2
2032380,4
2032420,2
2032460,1
2032470,1
2032500,3
2032540,6
2032640,6
2032650,3
2032680,1
2032830,1
2032950,5
2033110,8
2033150,4
2033160,1
2033200,2
2033210,10
2033230,5
2033340,2
2033410,1
2033500,3
2033540,1
2033550,1
2033560,4
2033630,5
2033800,3
2033810,1
2033860,2
2033880,3
2033930,2
2033950,2
2034060,2
2034090,3
2034180,6
2034210,3
2034280,3
2034330,1
2034360,2
2034370,5
2034390,1
2034450,4
2034470,3
2034520,4
2034540,4
2034550,2
2034580,7
2034620,2
2034630,1
2034700,3
2034750,4
2034800,2
2034810,6
2034820,6
2034890,4
2034930,5
2034950,4
2034990,1
2035010,12
2035060,9
2035100,4
2035120,2
2035130,2
2035140,3
2035160,1
2035210,1
2035230,5
2035250,1
2035270,4
2035310,2
2035320,4
2035370,2
2035380,6
2035420,1
2035440,2
2035470,7
2035550,1
2035590,2
2035630,1
2035670,3
2035680,1
2035710,1
2035720,2
2035770,3
2035840,3
2035860,1
2035890,1
2035900,1
2035910,9
2035940,2
2035970,1
2036030,1
2036070,1
2036130,2
2036140,4
2036190,2
2036200,2
2036250,1
2036260,2
2036270,3
2036320,2
2036430,3
2036560,2
2036570,1
2036690,4
2036710,1
2036750,6
2036820,5
2036890,1
2036970,5
2036980,7
2037000,4
2037010,1
2037020,2
2037040,1
2037060,1
2037070,3
2037080,1
2037130,2
2037220,5
2037280,1
2037290,2
2037320,4
2037450,2
2037490,3
2037570,1
2037650,2
2037720,2
2037730,4
2037740,3
2037760,3
2037820,2
2037830,2
2037870,3
2037880,7
2037890,6
2037910,1
2037920,2
2037940,8
2037970,1
2038010,2
2038040,2
2038060,7
2038080,2
2038100,3
2038140,3
2038160,4
2038200,10
2038280,1
2038290,2
2038360,1
2038370,1
2038420,2
2038490,1
2038530,2
2038570,1
2038600,1
2038640,5
2038660,1
2038680,3
2038700,2
2038730,2
2038760,7
2038880,2
2038910,4
2038920,5
2039050,1
2039100,2
2039140,3
2039150,2
2039160,1
2039170,2
2039190,5
2039200,8
2039220,1
2039240,2
2039250,1
2039270,1
2039280,1
2039290,3
2039330,1
2039350,1
2039370,3
2039560,4
2039620,1
2039650,3
2039690,3
2039730,10
2039740,2
2039750,4
2039780,2
2039860,1
2039870,2
2039910,2
2039940,4
2039970,3
2040080,1
2040120,3
2040130,3
2040160,1
2040170,3
2040210,10
2040230,5
2040240,8
2040260,2
2040300,1
2040310,2
2040330,1
2040350,1
2040460,1
2040500,10
2040560,21
2040570,4
2040580,1
2040600,1
2040610,3
2040620,2
2040680,3
2040730,4
2040740,1
2040830,3
2040890,2
2041000,7
2041090,3
2041110,2
2041120,1
2041190,1
2041200,2
2041210,3
2041250,2
2041260,3
2041300,3
2041320,2
2041350,3
2041380,1
2041520,1
2041550,1
2041590,1
2041640,4
2041670,1
2041700,1
2041710,2
2041730,3
2041800,1
2041910,1
2042050,3
2042070,9
2042150,4
2042220,2
2042270,4
2042310,3
2042340,1
2042350,7
2042390,1
2042420,1
2042470,3
2042560,1
2042610,3
2042680,2
2042710,1
2042780,7
2042800,4
2042810,5
2042850,2
2042860,2
2042910,1
2042930,6
2042970,5
2043060,3
2043070,7
2043090,1
2043130,2
2043140,4
2043190,2
2043210,2
2043250,2
2043260,1
2043280,3
2043330,1
2043350,3
2043380,1
2043490,2
2043500,3
2043530,2
2043580,3
2043610,2
2043640,2
2043660,2
2043670,2
2043730,1
2043760,1
2043800,3
2043810,1
2043830,3
2043900,3
2043920,3
2043980,3
2043990,5
2044000,3
2044010,7
2044070,1
2044130,4
2044200,2
2044320,3
2044340,6
2044350,1
2044430,1
2044440,1
2044540,1
2044590,3
2044630,1
2044640,1
2044680,5
2044700,3
2044710,3
2044750,2
2044760,13
2044800,1
2044820,4
2044840,1
2045070,1
2045150,3
2045170,2
2045200,1
2045280,2
2045290,2
2045330,1
2045350,2
2045380,2
2045430,3
2045450,1
2045470,3
2045510,2
2045550,5
2045670,3
2045700,2
2045740,1
2045760,1
2045770,3
2045850,2
2045880,1
2045910,1
2045970,1
2045980,1
2046030,2
2046050,3
2046080,1
2046190,2
2046240,2
2046260,10
2046270,3
2046320,1
2046370,2
2046390,4
2046470,1
2046480,2
2046530,6
2046570,3
2046610,2
2046680,5
2046710,1
2046780,1
2046790,2
2046820,3
2046880,2
2046890,2
2046960,3
2046970,2
2047020,2
2047030,1
2047200,5
2047220,2
2047250,5
2047300,1
2047360,1
2047380,1
2047470,5
2047500,4
2047590,2
2047650,2
2047730,1
2047740,2
2047750,3
2047810,2
2047820,2
2047870,1
2047880,2
2047890,2
2048100,2
2048110,1
2048210,2
2048230,1
2048240,1
2048300,5
2048310,1
2048390,1
2048440,5
2048460,1
2048470,6
2048490,1
2048530,3
2048540,3
2048550,1
2048610,1
2048670,2
2048680,1
2048720,11
2048740,1
2048790,4
2048830,3
2048850,2
2048950,1
2048970,8
2049000,4
2049020,3
2049040,1
2049060,2
2049070,2
2049150,1
2049190,3
2049230,4
2049250,2
2049330,3
2049350,3
2049380,5
2049400,4
2049420,3
2049450,1
2049480,6
2049490,1
2049530,5
2049540,1
2049580,4
2049590,1
2049660,3
2049690,2
2049710,5
2049730,1
2049780,2
2049810,2
2049820,1
2049830,5
2049840,5
2049870,4
2049880,1
2049910,4
2049950,2
2049970,1
2050090,2
2050110,1
2050120,4
2050200,3
2050310,1
2050320,2
2050330,1
2050400,4
2050440,1
2050450,6
2050460,5
2050470,5
2050490,9
2050510,2
2050590,3
2050610,1
2050650,2
2050680,3
2050790,10
2050810,2
2050850,4
2050900,4
2050930,3
2050940,1
2050950,1
2050980,1
2051030,1
2051070,4
2051120,2
2051140,1
2051160,1
2051190,4
2051210,4
2051220,2
2051270,2
2051340,2
2051360,1
2051410,1
2051430,5
2051490,1
2051530,1
2051570,1
2051640,1
2051730,2
2051860,2
2051900,2
2051910,2
2051920,2
2051990,2
2052050,1
2052200,1
2052290,5
2052390,3
2052440,4
2052500,1
2052560,4
2052580,5
2052860,1
2052880,1
2052900,2
2052920,3
2052950,2
2052960,3
2053040,3
2053120,1
2053190,5
2053240,1
2053250,1
2053260,2
2053290,1
2053350,1
2053370,5
2053440,1
2053470,2
2053510,1
2053530,2
2053550,2
2053560,1
2053590,2
2053600,2
2053650,2
2053800,3
2053810,1
2053830,5
2053900,1
2053930,2
2053960,2
2053970,4
2053980,2
2054010,1
2054020,3
2054120,1
2054130,12
2054150,12
2054180,2
2054230,2
2054360,1
2054430,2
2054490,2
2054520,6
2054540,2
2054570,3
2054610,3
2054630,1
2054690,2
2054710,15
2054840,4
2054920,5
2054940,5
2054960,1
2054980,2
2054990,3
2055000,2
2055020,3
2055110,3
2055140,2
2055190,2
2055220,3
2055300,6
2055340,5
2055350,3
2055430,8
2055510,9
2055580,1
2055650,4
2055660,3
2055670,3
2055700,2
2055710,2
2055740,1
2055840,3
2055920,2
2055930,1
2055940,5
2055960,3
2056060,2
2056090,2
2056210,1
2056230,1
2056330,1
2056350,3
2056380,2
2056400,5
2056430,1
2056450,4
2056560,6
2056570,2
2056620,2
2056730,2
2056750,3
2056800,2
2056840,3
2056850,2
2056880,1
2056890,4
2056900,2
2056910,1
2056950,3
2057040,1
2057110,3
2057120,3
2057190,5
2057200,2
2057210,3
2057250,3
2057270,2
2057350,5
2057370,2
2057380,3
2057490,1
2057500,3
2057610,2
2057630,4
2057760,2
2057810,5
2057820,1
2057840,2
2057850,1
2057910,8
2057920,1
2057950,2
2057960,2
2058040,1
2058130,1
2058210,3
2058230,4
2058340,4
2058360,8
2058370,1
2058440,2
2058450,6
2058490,3
2058540,3
2058550,8
2058680,1
2058690,4
2058700,12
2058790,2
2058810,4
2058840,1
2058980,1
2058990,7
2059010,4
2059030,6
2059060,2
2059100,1
2059130,2
2059210,4
2059240,4
2059250,2
2059330,1
2059400,3
2059470,2
2059510,2
2059570,1
2059590,1
2059600,2
2059640,1
2059670,1
2059680,11
2059700,1
2059740,8
2059840,3
2059880,2
2059920,3
2060020,6
2060030,3
2060100,2
2060140,1
2060160,2
2060200,8
2060210,4
2060420,1
2060540,1
2060690,1
2060750,2
2060770,1
2060820,3
2060850,2
2060880,2
2060900,7
2060950,3
2061080,3
2061230,2
2061260,4
2061330,1
2061390,2
2061410,1
2061420,2
2061430,1
2061440,3
2061500,3
2061520,3
2061540,1
2061550,4
2061560,4
2061590,2
2061600,4
2061620,1
2061740,2
2061880,1
2061900,2
2061920,5
2061960,1
2061970,1
2061980,2
2061990,5
2062010,7
2062020,8
2062110,3
2062290,1
2062310,2
2062330,1
2062350,2
2062410,2
2062420,5
2062430,1
2062440,6
2062480,2
2062520,4
2062540,5
2062560,20
2062600,1
2062620,1
2062660,3
2062670,2
2062690,2
2062720,1
2062760,2
2062810,2
2062830,1
2062940,3
2063050,3
2063080,2
2063110,3
2063150,1
2063220,1
2063280,5
2063320,1
2063480,8
2063490,2
2063510,1
2063520,4
2063570,3
2063630,1
2063670,4
2063690,3
2063710,4
2063720,3
2063740,2
2063760,2
2063770,2
2063820,4
2063930,3
2064030,1
2064050,4
2064070,2
2064080,2
2064100,2
2064140,1
2064150,1
2064180,6
2064200,2
2064240,1
2064250,16
2064300,2
2064320,4
2064350,2
2064380,4
2064430,2
2064480,2
2064490,1
2064510,3
2064550,6
2064600,2
2064620,3
2064660,2
2064710,8
2064720,7
2064740,3
2064770,1
2064850,12
2064880,2
2064940,2
2064980,4
2064990,4
2065030,4
2065060,2
2065090,3
2065110,1
2065190,2
2065270,2
2065370,3
2065420,2
2065430,3
2065450,5
2065480,1
2065510,4
2065550,1
2065580,4
2065590,1
2065630,1
2065680,2
2065710,1
2065750,1
2065780,5
2065790,2
2065820,2
2065870,1
2065880,5
2065890,3
2065990,3
2066000,4
2066030,2
2066070,2
2066090,4
2066170,3
2066180,2
2066190,5
2066210,6
2066230,2
2066270,4
2066320,3
2066340,5
2066440,2
2066490,2
2066570,2
2066590,5
2066620,1
2066640,2
2066710,1
2066810,4
2066820,1
2066880,3
2066890,4
2066930,3
2067020,3
2067070,3
2067120,1
2067130,1
2067200,2
2067210,4
2067220,4
2067250,1
2067310,1
2067320,1
2067330,4
2067360,4
2067380,2
2067390,4
2067460,2
2067500,1
2067520,6
2067530,1
2067560,1
2067710,1
2067750,1
2067820,2
2067830,2
2067900,4
2067910,2
2067920,1
2067960,3
2068030,2
2068080,3
2068120,3
2068130,5
2068170,1
2068180,1
2068200,1
2068240,1
2068290,1
2068300,1
2068370,4
2068440,1
2068500,6
2068560,1
2068570,8
2068610,2
2068680,1
2068700,1
2068850,1
2068940,1
2068950,4
2069010,2
2069080,3
2069110,3
2069140,2
2069200,2
2069220,2
2069300,2
2069370,1
2069380,2
2069450,11
2069490,13
2069510,1
2069530,1
2069570,2
2069600,3
2069650,2
2069740,2
2069780,1
2069810,8
2069850,3
2069880,1
2069920,1
2069940,3
2069960,3
2070000,3
2070010,10
2070120,3
2070240,5
2070250,3
2070270,2
2070290,1
2070340,4
2070350,2
2070410,2
2070430,1
2070610,1
2070710,4
2070720,1
2070730,1
2070740,1
2070760,2
2070830,1
2070840,1
2070850,5
2070890,7
2070900,1
2070930,2
2070940,1
2070980,4
2071010,6
2071050,3
2071090,3
2071110,4
2071120,1
2071140,2
2071240,9
2071260,2
2071290,1
2071420,4
2071440,2
2071510,1
2071560,5
2071590,2
2071630,2
2071710,3
2071720,1
2071750,1
2071800,4
2071830,1
2071850,3
2071860,5
2071870,2
2071900,1
2071920,1
2071930,3
2071940,2
2071970,11
2071990,3
2072040,4
2072100,7
2072150,2
2072240,3
2072290,3
2072340,1
2072390,3
2072420,1
2072460,2
2072480,2
2072660,3
2072730,1
2072740,1
2072800,1
2072840,1
2072860,1
2072880,1
2072950,1
2073000,2
2073060,2
2073080,1
2073140,7
2073150,1
2073170,1
2073210,2
2073250,5
2073290,2
2073330,2
2073340,3
2073470,1
2073490,2
2073510,2
2073570,3
2073630,1
2073680,10
2073690,3
2073820,1
2073830,3
2073890,1
2073960,1
2073990,4
2074010,1
2074030,3
2074190,3
2074240,5
2074280,6
2074350,2
2074390,1
2074410,2
2074450,4
2074530,1
2074610,7
2074670,7
2074700,4
2074740,2
2074780,2
2074800,4
2074860,1
2074900,1
2074950,8
2074970,11
2074980,3
2075040,7
2075130,1
2075190,1
2075200,2
2075360,2
2075390,1
2075410,1
2075510,3
2075540,2
2075550,1
2075570,4
2075590,5
2075650,3
2075720,2
2075760,1
2075800,1
2075860,1
2075930,3
2075940,3
2075990,2
2076000,1
2076010,2
2076100,2
2076120,2
2076130,1
2076150,1
2076180,1
2076260,1
2076270,6
2076290,4
2076340,4
2076370,15
2076380,3
2076410,3
2076440,1
2076450,1
2076460,2
2076470,2
2076560,4
2076610,1
2076720,1
2076780,2
2076800,1
2076810,3
2076820,1
2076840,3
2076850,1
2076900,3
2076980,6
2076990,3
2077030,1
2077050,4
2077060,2
2077130,4
2077170,1
2077270,1
2077290,1
2077320,4
2077340,2
2077360,2
2077400,1
2077430,1
2077510,7
2077550,11
2077560,5
2077610,2
2077710,4
2077770,2
2077790,3
2077810,2
2077840,4
2077860,1
2077870,3
2077900,1
2077930,4
2077960,1
2077980,2
2078000,4
2078010,2
2078080,6
2078130,3
2078160,3
2078200,2
2078220,2
2078270,1
2078290,6
2078310,2
2078370,2
2078380,1
2078390,2
2078460,1
2078470,3
2078480,2
2078490,1
2078520,1
2078610,1
2078670,3
2078710,4
2078720,1
2078760,1
2078800,2
2078840,3
2078850,4
2078960,2
2078970,4
2079020,1
2079050,4
2079130,1
2079170,18
2079230,4
2079240,6
2079260,1
2079350,10
2079370,3
2079400,3
2079440,2
2079450,5
2079560,2
2079590,3
2079600,2
2079640,1
2079690,2
2079710,3
2079750,4
2079770,3
2079830,7
2079870,4
2079890,1
2079900,2
2079990,1
2080020,10
2080040,1
2080050,2
2080100,1
2080110,4
2080120,3
2080140,3
2080150,10
2080210,1
2080230,4
2080350,1
2080410,3
2080450,1
2080490,4
2080600,1
2080610,4
2080660,2
2080690,2
2080710,1
2080750,1
2080770,1
2080780,1
2080860,5
2080880,1
2081000,1
2081030,4
2081040,3
2081080,8
2081120,6
2081170,4
2081230,2
2081240,2
2081260,1
2081270,4
2081290,6
2081500,1
2081540,8
2081630,1
2081640,5
2081690,3
2081710,6
2081830,2
2081900,1
2081910,2
2081940,1
2081980,4
2081990,1
2082030,1
2082150,1
2082390,2
2082400,2
2082410,4
2082440,1
2082450,4
2082460,2
2082480,3
2082550,4
2082580,1
2082620,1
2082640,6
2082750,4
2082770,1
2082800,1
2082810,1
2082830,2
2082850,8
2082900,4
2082910,2
2082920,1
2082970,12
2082980,1
2083050,1
2083060,7
2083080,4
2083090,2
2083100,1
2083140,1
2083180,2
2083200,3
2083250,1
2083290,7
2083300,3
2083350,1
2083390,4
2083420,4
2083430,4
2083500,2
2083520,2
2083540,1
2083550,2
2083570,2
2083590,3
2083610,1
2083680,4
2083750,3
2083800,2
2083810,2
2083900,2
2083910,2
2083950,5
2083960,1
2083980,1
2083990,1
2084050,5
2084110,1
2084120,7
2084150,1
2084210,5
2084220,2
2084240,3
2084260,1
2084270,3
2084280,2
2084370,3
2084380,2
2084470,3
2084480,1
2084490,6
2084520,2
2084580,3
2084600,4
2084610,2
2084670,2
2084690,6
2084700,8
2084730,5
2084750,4
2084760,2
2084800,1
2084830,4
2084890,4
2084900,1
2084970,5
2085030,1
2085050,3
2085060,1
2085090,2
2085100,2
2085110,4
2085140,3
2085150,2
2085200,1
2085220,2
2085300,1
2085330,1
2085370,2
2085390,1
2085430,3
2085460,6
2085490,1
2085500,1
2085530,2
2085560,2
2085590,2
2085600,1
2085630,5
2085640,1
2085700,1
2085760,1
2085790,1
2085930,2
2086060,1
2086120,2
2086140,1
2086180,1
2086190,1
2086200,2
2086210,1
2086230,2
2086260,4
2086400,2
2086420,2
2086450,6
2086480,1
2086540,1
2086570,2
2086670,1
2086680,5
2086710,2
2086730,2
2086780,2
2086790,1
2086820,5
2086840,3
2086860,1
2086920,3
2086960,2
2087060,2
2087100,2
2087170,4
2087210,1
2087250,4
2087290,2
2087300,8
2087340,3
2087370,5
2087390,2
2087420,1
2087460,2
2087480,2
2087510,4
2087520,2
2087550,4
2087600,8
2087620,1
2087670,1
2087680,4
2087690,1
2087720,10
2087780,3
2087840,4
2087850,4
2087870,6
2087920,2
2087980,1
2088080,3
2088120,2
2088210,2
2088230,1
2088250,5
2088280,7
2088310,5
2088360,2
2088400,2
2088450,3
2088480,2
2088550,4
2088570,1
2088690,1
2088710,1
2088720,2
2088760,2
2088770,2
2088810,2
2088840,3
2088870,1
2088930,2
2088970,2
2089000,1
2089100,2
2089110,1
2089170,2
2089220,1
2089230,1
2089310,1
2089330,2
2089340,5
2089350,4
2089360,6
2089370,3
2089500,4
2089560,2
2089590,10
2089610,3
2089620,3
2089660,2
2089690,2
2089720,1
2089800,1
2089810,1
2089820,8
2089960,1
2090000,1
2090060,1
2090070,2
2090080,4
2090100,4
2090130,4
2090190,1
2090340,2
2090350,1
2090470,2
2090680,2
2090710,5
2090750,6
2090770,1
2090800,1
2090820,8
2090840,4
2090850,1
2090860,2
2090870,1
2090890,1
2090900,3
2090910,12
2090930,2
2090950,2
2090960,4
2091040,4
2091050,1
2091060,3
2091070,1
2091110,8
2091120,2
2091150,3
2091180,1
2091190,3
2091230,2
2091300,3
2091310,5
2091330,1
2091350,4
2091460,4
2091490,3
2091500,1
2091550,2
2091570,1
2091720,1
2091780,1
2091810,2
2091830,2
2091850,1
2091970,2
2092050,6
2092060,4
2092090,4
2092130,3
2092190,4
2092200,3
2092210,2
2092270,2
2092280,2
2092290,1
2092340,3
2092350,1
2092380,6
2092390,4
2092440,1
2092470,1
2092510,1
2092530,5
2092580,1
2092590,3
2092600,3
2092630,1
2092640,1
2092700,3
2092730,2
2092770,2
2092810,3
2092880,5
2092890,2
2092910,1
2092920,1
2092930,2
2092960,1
2092990,5
2093060,4
2093090,4
2093110,3
2093150,3
2093160,3
2093230,2
2093250,1
2093260,3
2093290,1
2093350,1
2093400,1
2093410,2
2093420,5
2093440,1
2093500,4
2093650,2
2093680,2
2093740,1
2093780,2
2093840,1
2093880,3
2093890,1
2093920,1
2093940,2
2093950,2
2093970,3
2094060,2
2094070,1
2094100,2
2094140,2
2094180,2
2094200,1
2094310,2
2094350,1
2094360,1
2094380,1
2094460,4
2094510,4
2094520,2
2094600,2
2094680,12
2094700,2
2094760,3
2094830,1
2094850,1
2094870,4
2094920,1
2094930,3
2094970,8
2094980,3
2095020,2
2095120,1
2095140,6
2095160,3
2095180,1
2095190,6
2095230,1
2095280,2
2095430,1
2095490,3
2095520,5
2095530,5
2095540,1
2095560,2
2095630,3
2095680,1
2095690,1
2095770,3
2095800,1
2095840,3
2095910,6
2096000,3
2096020,4
2096050,1
2096120,3
2096170,2
2096190,2
2096220,5
2096250,6
2096330,6
2096370,4
2096450,3
2096490,9
2096550,3
2096560,3
2096580,4
2096600,1
2096650,2
2096700,3
2096720,2
2096750,1
2096810,1
2096820,2
2096950,3
2096980,2
2097000,5
2097060,1
2097170,1
2097230,1
2097310,2
2097340,6
2097350,1
2097370,2
2097380,1
2097600,2
2097610,5
2097670,6
2097720,3
2097750,1
2097840,2
2097850,2
2097890,1
2097960,1
2098130,5
2098140,3
2098160,1
2098170,1
2098190,1
2098240,2
2098280,2
2098290,2
2098300,2
2098370,1
2098430,1
2098450,1
2098470,2
2098480,3
2098590,5
2098600,3
2098700,5
2098750,3
2098790,2
2098820,5
2098870,2
2098940,1
2098960,1
2099010,2
2099040,1
2099050,1
2099070,2
2099090,4
2099120,4
2099130,2
2099200,2
2099210,1
2099220,1
2099240,3
2099260,2
2099310,2
2099350,1
2099370,1
2099380,3
2099390,3
2099440,1
2099470,3
2099490,3
2099520,2
2099530,1
2099540,2
2099560,4
2099570,4
2099620,2
2099650,2
2099720,1
2099770,2
2099830,5
2099850,1
2099880,4
2099890,1
2099900,8
2099910,5
2099930,9
2099980,2
2100020,3
2100060,2
2100100,3
2100120,2
2100160,3
2100290,3
2100300,2
2100350,5
2100360,6
2100390,2
2100410,2
2100420,3
2100440,1
2100450,1
2100490,7
2100530,2
2100560,1
2100590,3
2100600,6
2100660,2
2100730,3
2100750,2
2100760,2
2100770,1
2100790,3
2100820,5
2100840,3
2100920,5
2100970,3
2101090,2
2101100,3
2101140,4
2101150,4
2101240,3
2101270,4
2101390,5
2101500,1
2101520,2
2101540,6
2101590,2
2101640,7
2101660,2
2101740,3
2101760,3
2101770,6
2101790,1
2101870,1
2101880,1
2101900,1
2101950,9
2101970,2
2102090,2
2102100,2
2102120,3
2102280,2
2102320,5
2102330,3
2102440,1
2102490,3
2102690,3
2102710,2
2102770,1
2102860,6
2102890,2
2102940,2
2102960,1
2102980,1
2103010,3
2103030,4
2103060,4
2103080,16
2103090,1
2103250,5
2103280,4
2103290,4
2103330,2
2103350,3
2103500,2
2103530,1
2103540,2
2103550,2
2103610,2
2103620,7
2103660,1
2103720,3
2103750,4
2103770,3
2103790,2
2103800,3
2103930,3
2103970,2
2104030,6
2104080,4
2104190,1
2104220,1
2104250,2
2104260,3
2104430,2
2104450,4
2104500,2
2104520,1
2104530,1
2104540,2
2104720,1
2104810,1
2104870,1
2104970,2
2105010,1
2105090,4
2105110,1
2105220,3
2105230,2
2105340,2
2105390,1
2105410,3
2105420,3
2105430,3
2105440,1
2105470,1
2105580,4
2105630,1
2105650,1
2105710,6
2105750,1
2105770,3
2105830,1
2105880,1
2105920,1
2105950,1
2106000,3
2106080,1
2106090,3
2106150,1
2106200,7
2106220,3
2106380,6
2106440,1
2106450,4
2106520,2
2106550,1
2106640,3
2106650,2
2106680,6
2106690,1
2106700,5
2106710,3
2106820,3
2106860,1
2106880,2
2106920,1
2106940,4
2106980,2
2107080,1
2107090,3
2107100,2
2107170,1
2107190,1
2107200,3
2107220,13
2107260,3
2107290,6
2107320,4
2107330,4
2107370,2
2107380,1
2107450,4
2107470,1
2107630,2
2107740,6
2107770,3
2107830,2
2107890,2
2107950,3
2108000,3
2108040,4
2108250,1
2108290,1
2108330,1
2108390,2
2108420,2
2108430,2
2108580,2
2108600,4
2108710,1
2108740,5
2108810,2
2108820,1
2108860,2
2108870,1
2109000,1
2109020,9
2109050,1
2109090,2
2109220,2
2109310,3
2109380,2
2109390,1
2109400,3
2109450,7
2109480,2
2109540,1
2109560,1
2109570,2
2109600,2
2109780,6
2109790,2
2109860,4
2109900,1
2110020,2
2110040,1
2110130,7
2110230,1
2110300,1
2110350,4
2110390,2
2110410,1
2110440,3
2110540,2
2110550,2
2110590,8
2110620,1
2110660,2
2110680,2
2110820,2
2110900,2
2110910,2
2110920,4
2110930,4
2110990,3
2111030,2
2111050,1
2111100,4
2111110,2
2111150,3
2111250,3
2111280,4
2111290,2
2111380,2
2111410,5
2111430,2
2111480,2
2111550,6
2111590,3
2111610,2
2111620,3
2111660,5
2111800,2
2111880,2
2111930,2
2111940,4
2112090,4
2112140,1
2112150,1
2112190,5
2112210,1
2112330,3
2112350,3
2112480,1
2112620,3
2112640,2
2112690,8
2112710,3
2112770,6
2112850,5
2112910,2
2112940,1
2112950,3
2113050,3
2113080,5
2113220,5
2113250,1
2113270,6
2113280,1
2113310,1
2113350,5
2113370,4
2113430,2
2113520,1
2113540,5
2113570,3
2113580,3
2113600,2
2113620,5
2113660,8
2113670,2
2113680,1
2113720,1
2113760,2
2113850,5
2113870,1
2113940,9
2113950,2
2114010,1
2114050,5
2114090,3
2114100,3
2114110,3
2114130,4
2114160,6
2114180,1
2114230,5
2114300,1
2114330,2
2114360,1
2114380,3
2114400,1
2114410,2
2114420,2
2114470,3
2114500,1
2114510,4
2114530,1
2114540,7
2114640,1
2114670,1
2114700,3
2114750,5
2114770,2
2114860,2
2114890,3
2114920,1
2114970,2
2115010,6
2115020,1
2115110,1
2115140,2
2115160,1
2115170,2
2115200,3
2115210,1
2115290,6
2115300,5
2115360,5
2115410,3
2115420,3
2115430,2
2115440,1
2115460,2
2115500,1
2115520,2
2115530,1
2115540,3
2115560,3
2115580,2
2115620,1
2115640,1
2115680,5
2115690,1
2115720,1
2115830,2
2115860,2
2115880,3
2115900,6
2115930,2
2115960,5
2115970,2
2115990,3
2116010,3
2116050,4
2116060,1
2116090,4
2116130,1
2116140,3
2116170,2
2116220,1
2116230,2
2116260,6
2116310,1
2116320,1
2116340,1
2116440,7
2116490,1
2116540,12
2116580,3
2116600,3
2116690,2
2116830,4
2116850,1
2116860,5
2116870,5
2116890,3
2116900,2
2116910,3
2116920,2
2116950,3
2116960,3
2117000,3
2117050,1
2117160,2
2117190,4
2117210,7
2117270,5
2117290,2
2117320,4
2117370,1
2117400,2
2117460,3
2117470,1
2117540,2
2117570,2
2117580,3
2117620,1
2117690,1
2117710,2
2117750,1
2117800,5
2117870,3
2117880,5
2117930,2
2117940,2
2117980,6
2118000,4
2118010,2
2118060,1
2118090,22
2118160,3
2118180,1
2118260,2
2118330,7
2118370,3
2118390,2
2118480,5
2118510,1
2118560,2
2118580,2
2118690,1
2118720,3
2118790,2
2118920,4
2118930,5
2119000,1
2119040,2
2119060,7
2119070,2
2119080,8
2119120,1
2119160,2
2119180,3
2119210,5
2119220,2
2119300,6
2119340,2
2119350,3
2119360,2
2119400,1
2119410,1
2119430,2
2119480,5
2119500,1
2119510,2
2119590,8
2119640,3
2119650,3
2119680,4
2119690,3
2119750,2
2119770,4
2119780,6
2119850,1
2119900,3
2119920,3
2119930,2
2119950,4
2119990,4
2120030,2
2120050,2
2120060,4
2120160,5
2120200,1
2120210,2
2120370,5
2120420,2
2120540,1
2120590,3
2120600,2
2120620,1
2120640,2
2120690,5
2120730,1
2120840,3
2120860,2
2120870,1
2120880,2
2120890,1
2120960,1
2120990,2
2121010,4
2121060,4
2121080,8
2121180,3
2121200,4
2121230,5
2121240,2
2121290,2
2121300,1
2121390,2
2121500,3
2121620,1
2121640,2
2121670,4
2121710,3
2121720,2
2121740,2
2121780,4
2121810,1
2121850,2
2121860,5
2121870,1
2121880,3
2121890,3
2121950,5
2121960,5
2121970,5
2121990,1
2122070,2
2122080,4
2122120,1
2122140,3
2122160,2
2122170,1
2122190,3
2122200,1
2122290,5
2122310,1
2122320,3
2122340,1
2122370,1
2122380,3
2122400,3
2122490,6
2122530,3
2122540,2
2122570,4
2122640,3
2122700,1
2122740,2
2122770,1
2122780,5
2122800,1
2122810,5
2122820,5
2122850,1
2122860,2
2122880,2
2122910,6
2122960,3
2123000,3
2123050,5
2123070,2
2123120,1
2123130,1
2123210,5
2123290,4
2123310,5
2123320,4
2123340,3
2123390,2
2123410,1
2123430,1
2123480,9
2123530,4
2123630,4
2123640,3
2123680,1
2123690,3
2123700,3
2123790,5
2123900,1
2123910,1
2123980,1
2124010,7
2124090,4
2124120,1
2124150,3
2124190,5
2124200,3
2124240,1
2124280,3
2124400,3
2124410,1
2124430,1
2124490,1
2124540,1
2124550,1
2124560,8
2124570,1
2124600,7
2124630,2
2124640,12
2124740,2
2124750,1
2124800,4
2124850,1
2124860,6
2124870,1
2124940,1
2125050,2
2125080,1
2125090,1
2125210,2
2125220,2
2125230,3
2125250,2
2125320,1
2125330,4
2125350,2
2125410,2
2125430,1
2125440,3
2125470,3
2125480,3
2125550,3
2125710,11
2125740,3
2125750,5
2125770,2
2125820,2
2125830,1
2125870,4
2125880,7
2125920,2
2125940,2
2125990,1
2126010,3
2126110,2
2126120,1
2126160,3
2126180,2
2126220,2
2126230,3
2126300,1
2126330,4
2126380,1
2126400,6
2126410,5
2126420,2
2126500,1
2126510,1
2126570,2
2126580,1
2126600,1
2126620,1
2126630,3
2126640,1
2126710,1
2126760,3
2126880,3
2126890,1
2127030,1
2127050,1
2127170,1
2127200,2
2127260,4
2127290,1
2127310,7
2127390,1
2127410,2
2127420,1
2127460,2
2127470,5
2127530,3
2127540,1
2127680,3
2127730,1
2127770,2
2127830,2
2127880,3
2127940,3
2127960,6
2128020,1
2128040,3
2128050,1
2128060,2
2128080,2
2128100,2
2128140,2
2128150,3
2128180,1
2128280,1
2128300,3
2128320,7
2128360,1
2128450,1
2128470,4
2128520,2
2128560,2
2128570,2
2128580,1
2128620,4
2128640,1
2128740,1
2128800,2
2128820,3
2128830,1
2128850,4
2128890,1
2128910,3
2128980,3
2129080,5
2129110,3
2129170,9
2129200,5
2129230,2
2129260,4
2129300,4
2129320,2
2129360,1
2129480,3
2129530,2
2129550,1
2129560,2
2129620,1
2129660,2
2129700,2
2129790,1
2129820,1
2129830,1
2129840,4
2129930,2
2129950,1
2129990,2
2130050,2
2130070,2
2130090,3
2130100,2
2130150,5
2130200,3
2130210,2
2130360,1
2130410,3
2130420,1
2130500,1
2130510,1
2130530,6
2130590,1
2130600,3
2130640,5
2130690,1
2130700,3
2130780,2
2130790,7
2130810,1
2130820,1
2130840,2
2130860,1
2130870,1
2130960,4
2131210,5
2131220,2
2131250,1
2131280,3
2131290,3
2131330,4
2131350,5
2131430,3
2131470,1
2131480,1
2131510,2
2131520,1
2131570,5
2131580,1
2131590,1
2131600,1
2131650,2
2131690,3
2131710,1
2131730,1
2131740,4
2131750,3
2131760,1
2131900,1
2131950,5
2131960,2
2131970,3
2131990,3
2132030,4
2132080,2
2132090,3
2132100,1
2132130,4
2132210,1
2132240,1
2132250,1
2132260,3
2132290,1
2132320,1
2132360,3
2132370,2
2132390,2
2132440,2
2132470,1
2132530,1
2132540,4
2132550,1
2132590,2
2132760,5
2132920,1
2132980,2
2133020,1
2133030,2
2133060,1
2133070,3
2133090,1
2133100,2
2133150,2
2133230,3
2133240,2
2133250,6
2133280,2
2133400,4
2133440,1
2133470,2
2133480,5
2133510,1
2133520,3
2133530,2
2133620,4
2133630,4
2133640,6
2133650,1
2133700,1
2133720,2
2133740,10
2133880,3
2133900,1
2133910,4
2133930,4
2133940,2
2134100,2
2134120,6
2134160,2
2134200,9
2134250,1
2134260,1
2134280,2
2134290,2
2134300,1
2134310,6
2134350,1
2134390,2
2134420,2
2134450,2
2134470,3
2134480,4
2134490,2
2134500,3
2134600,5
2134700,6
2134770,1
2134810,2
2134840,4
2134860,3
2134910,6
2134970,2
2134980,1
2135010,1
2135030,4
2135040,2
2135090,1
2135160,4
2135230,3
2135290,3
2135310,5
2135350,4
2135370,2
2135400,1
2135430,1
2135450,3
2135500,4
2135560,4
2135570,1
2135630,2
2135650,1
2135670,3
2135770,4
2135840,7
2135900,5
2135940,1
2136000,1
2136030,3
2136200,2
2136340,8
2136380,1
2136410,1
2136430,1
2136470,2
2136480,1
2136500,1
2136590,2
2136640,1
2136740,3
2136760,8
2136800,1
2136820,1
2136850,3
2136910,2
2136970,6
2137000,1
2137010,3
2137030,2
2137080,2
2137100,3
2137110,2
2137150,1
2137310,3
2137320,4
2137340,2
2137380,2
2137460,1
2137620,2
2137630,3
2137690,6
2137720,1
2137740,1
2137750,1
2137830,1
2137860,2
2137950,1
2137960,4
2137990,2
2138020,3
2138040,2
2138090,1
2138100,1
2138110,4
2138150,1
2138200,7
2138240,1
2138250,3
2138310,3
2138390,9
2138400,4
2138410,5
2138430,1
2138460,5
2138510,1
2138530,2
2138600,7
2138650,3
2138750,2
2138800,1
2138830,4
2138890,6
2138920,2
2138940,5
2138970,1
2138980,1
2139000,3
2139010,1
2139030,4
2139050,1
2139060,1
2139080,5
2139110,1
2139140,1
2139180,3
2139190,2
2139210,5
2139350,1
2139380,1
2139400,2
2139410,4
2139420,5
2139490,2
2139510,3
2139550,1
2139570,1
2139620,2
2139630,2
2139700,3
2139740,3
2139750,4
2139850,2
2139890,7
2139920,4
2139930,1
2139940,2
2139970,1
2139980,1
2140010,1
2140070,6
2140090,9
2140120,3
2140150,4
2140190,2
2140210,3
2140280,4
2140310,4
2140340,2
2140360,2
2140420,1
2140450,2
2140510,1
2140540,1
2140550,6
2140560,2
2140580,3
2140620,2
2140640,2
2140660,2
2140690,4
2140750,2
2140840,3
2140930,1
2141000,2
2141020,1
2141030,7
2141060,3
2141180,2
2141280,4
2141290,2
2141360,3
2141370,1
2141400,3
2141410,1
2141430,4
2141460,3
2141520,9
2141580,3
2141590,1
2141650,1
2141690,3
2141750,1
2141760,3
2141800,1
2141930,1
2141980,2
2142010,2
2142030,4
2142070,6
2142120,3
2142150,1
2142170,1
2142180,1
2142220,4
2142270,2
2142290,1
2142340,2
2142410,1
2142450,6
2142490,3
2142520,2
2142530,2
2142540,1
2142550,1
2142600,4
2142650,1
2142680,1
2142730,6
2142750,2
2142770,1
2142780,3
2142790,1
2142810,2
2142910,5
2142990,14
2143020,19
2143040,1
2143050,4
2143060,10
2143080,2
2143100,1
2143110,1
2143140,6
2143150,1
2143190,3
2143200,1
2143210,1
2143220,7
2143230,3
2143240,8
2143250,1
2143290,2
2143300,5
2143330,1
2143370,2
2143420,1
2143460,2
2143520,1
2143530,6
2143600,4
2143650,3
2143660,1
2143690,1
2143760,7
2143800,3
2143840,6
2143910,2
2143970,5
2144010,1
2144020,2
2144080,5
2144150,1
2144290,1
2144330,2
2144350,2
2144370,3
2144450,2
2144520,3
2144530,2
2144580,1
2144630,1
2144750,3
2144760,2
2144780,1
2144840,2
2144850,1
2144870,2
2144890,2
2145030,7
2145090,4
2145110,2
2145160,2
2145250,5
2145320,1
2145340,1
2145350,1
2145380,2
2145510,11
2145590,7
2145630,2
2145650,1
2145670,1
2145690,1
2145700,4
2145780,3
2145840,2
2145860,1
2145940,2
2145990,1
2146020,3
2146040,4
2146070,1
2146080,3
2146110,3
2146120,2
2146180,1
2146230,1
2146270,1
2146340,1
2146500,1
2146560,1
2146580,4
2146590,2
2146640,5
2146680,2
2146700,1
2146820,4
2146870,4
2146940,12
2146970,6
2147050,1
2147170,1
2147180,3
2147240,8
2147290,1
2147320,2
2147470,2
2147510,1
2147600,5
2147610,3
2147620,2
2147670,1
2147780,4
2147930,6
2148110,3
2148190,1
2148310,7
2148330,1
2148370,2
2148390,1
2148400,3
2148440,2
2148450,4
2148470,1
2148480,5
2148510,3
2148570,2
2148620,8
2148650,1
2148670,8
2148700,9
2148730,5
2148830,2
2148890,1
2148960,2
2148970,2
2148990,2
2149020,2
2149100,1
2149150,4
2149170,7
2149180,1
2149240,2
2149280,2
2149310,2
2149320,2
2149340,1
2149350,1
2149420,1
2149450,1
2149470,3
2149500,1
2149580,3
2149650,6
2149670,2
2149680,7
2149710,2
2149730,1
2149750,1
2149760,2
2149790,4
2149840,2
2149850,2
2149890,1
2149900,7
2149980,1
2149990,9
2150010,3
2150030,3
2150050,2
2150070,1
2150160,1
2150190,1
2150220,2
2150260,1
2150310,1
2150330,3
2150340,1
2150390,1
2150460,11
2150480,1
2150520,7
2150530,3
2150580,6
2150620,4
2150630,2
2150650,2
2150730,2
2150800,1
2150820,1
2150980,1
2150990,4
2151010,1
2151170,1
2151190,2
2151250,5
2151360,1
2151400,5
2151410,10
2151480,2
2151490,4
2151500,2
2151580,3
2151590,2
2151640,4
2151650,4
2151660,2
2151710,2
2151730,6
2151780,4
2151820,2
2151880,1
2151900,2
2151940,4
2151960,4
2151970,1
2152060,1
2152100,2
2152160,1
2152180,3
2152190,2
2152210,1
2152240,1
2152250,5
2152390,1
2152400,2
2152430,2
2152440,5
2152450,1
2152460,1
2152500,6
2152530,3
2152540,1
2152640,5
2152730,1
2152740,1
2152790,1
2152800,2
2152810,2
2152840,4
2152860,5
2152880,1
2152940,2
2153020,2
2153030,2
2153050,9
2153070,6
2153150,6
2153180,3
2153210,1
2153240,1
2153260,2
2153310,1
2153320,2
2153330,3
2153360,1
2153370,5
2153380,1
2153400,2
2153410,2
2153420,1
2153490,4
2153500,3
2153560,3
2153600,2
2153640,1
2153650,2
2153700,3
2153740,10
2153760,6
2153770,2
2153790,2
2153830,1
2153850,1
2153890,4
2153910,3
2153920,3
2153990,2
2154010,1
2154040,3
2154050,3
2154110,1
2154130,1
2154140,1
2154160,2
2154220,3
2154230,1
2154320,2
2154330,3
2154460,3
2154480,1
2154490,3
2154560,4
2154600,6
2154680,1
2154750,3
2154820,1
2154890,1
2155000,1
2155050,3
2155110,6
2155160,4
2155180,3
2155190,5
2155210,1
2155230,2
2155280,4
2155350,3
2155470,3
2155480,2
2155510,3
2155550,4
2155730,5
2155850,2
2155880,1
2155900,5
2155930,59
2155990,6
2156080,2
2156120,7
2156150,2
2156190,2
2156220,7
2156230,1
2156270,1
2156290,2
2156330,1
2156360,2
2156400,1
2156420,3
2156530,1
2156540,1
2156550,1
2156610,1
2156710,5
2156920,5
2156950,2
2157030,1
2157080,3
2157110,7
2157130,1
2157160,4
2157180,7
2157210,2
2157230,3
2157240,1
2157290,7
2157330,1
2157350,3
2157360,1
2157430,1
2157440,1
2157460,2
2157510,5
2157520,6
2157530,1
2157560,2
2157580,2
2157620,2
2157710,4
2157760,1
2157850,5
2157900,5
2157920,5
2158050,6
2158080,27
2158160,4
2158220,5
2158230,1
2158310,4
2158320,9
2158410,8
2158460,3
2158470,5
2158560,1
2158580,11
2158620,1
2158660,10
2158680,2
2158690,2
2158730,3
2158780,2
2158810,1
2158820,2
2158830,1
2158850,3
2159010,1
2159100,1
2159150,2
2159180,1
2159240,2
2159260,1
2159320,11
2159330,3
2159390,4
2159400,5
2159490,5
2159520,2
2159560,3
2159690,3
2159840,1
2159850,2
2159860,10
2159870,1
2159920,4
2159950,8
2159970,4
2160080,1
2160100,4
2160110,3
2160150,4
2160170,1
2160190,3
2160210,3
2160270,2
2160300,5
2160330,2
2160380,1
2160390,2
2160410,4
2160420,4
2160460,1
2160470,1
2160630,5
2160660,2
2160700,5
2160710,1
2160720,8
2160740,3
2160810,5
2160820,5
2160850,2
2160860,2
2160890,5
2160920,7
2160940,2
2160970,2
2160990,1
2161000,2
2161040,2
2161050,12
2161150,3
2161180,9
2161210,4
2161240,1
2161350,1
2161360,1
2161410,4
2161480,2
2161500,2
2161520,1
2161560,2
2161580,1
2161590,5
2161610,2
2161630,2
2161680,1
2161710,1
2161720,1
2161740,1
2161750,3
2161770,2
2161780,1
2161790,6
2161830,2
2161910,1
2161940,6
2161960,2
2161980,1
2162040,1
2162050,5
2162170,3
2162200,2
2162220,1
2162250,3
2162280,2
2162290,4
2162320,2
2162340,1
2162390,2
2162400,1
2162420,5
2162480,2
2162490,2
2162510,2
2162550,1
2162600,2
2162620,1
2162790,1
2162800,1
2162830,2
2162860,3
2162900,5
2162920,2
2162930,2
2162970,5
2163010,2
2163040,3
2163060,1
2163090,4
2163100,1
2163140,2
2163250,2
2163260,8
2163310,1
2163330,3
2163370,4
2163410,10
2163440,3
2163450,1
2163490,4
2163520,1
2163560,3
2163630,8
2163720,3
2163780,1
2163800,1
2163950,1
2164020,3
2164040,2
2164170,4
2164240,2
2164330,1
2164360,2
2164400,2
2164410,4
2164460,3
2164500,5
2164570,3
2164690,5
2164710,3
2164720,4
2164770,3
2164780,3
2164790,3
2164800,1
2164830,3
2164870,1
2164880,2
2164890,1
2164910,3
2164940,3
2164960,3
2165010,3
2165030,2
2165110,2
2165120,3
2165170,1
2165200,4
2165220,6
2165230,7
2165300,1
2165340,3
2165350,1
2165410,1
2165430,1
2165440,4
2165530,1
2165540,4
2165590,3
2165670,5
2165700,3
2165720,7
2165740,4
2165780,1
2165820,2
2165840,1
2165890,1
2165900,1
2165910,3
2165950,7
2165960,2
2166030,1
2166050,3
2166180,1
2166280,2
2166310,1
2166340,4
2166420,3
2166430,3
2166460,2
2166540,6
2166560,1
2166590,2
2166630,1
2166640,5
2166650,1
2166680,4
2166690,1
2166740,1
2166750,3
2166760,3
2166790,2
2166900,1
2166990,1
2167000,1
2167050,4
2167080,1
2167090,1
2167170,1
2167210,7
2167280,1
2167300,3
2167310,4
2167340,2
2167350,1
2167360,10
2167390,1
2167410,1
2167430,1
2167470,2
2167490,4
2167560,1
2167570,4
2167610,4
2167680,1
2167730,3
2167760,2
2167770,4
2167790,2
2167810,4
2167820,2
2167960,3
2168050,3
2168090,1
2168100,3
2168150,3
2168160,2
2168170,2
2168180,6
2168210,1
2168310,1
2168320,1
2168330,3
2168350,3
2168370,3
2168390,2
2168450,3
2168470,1
2168610,3
2168620,1
2168800,2
2168830,5
2168900,3
2168970,1
2169010,2
2169040,1
2169060,2
2169080,10
2169130,6
2169150,2
2169170,2
2169190,6
2169220,2
2169300,1
2169320,3
2169330,3
2169360,3
2169420,3
2169440,1
2169460,5
2169510,5
2169520,5
2169600,4
2169720,2
2169760,6
2169770,1
2169790,5
2169800,1
2169910,1
2169920,3
2169950,6
2169970,4
2170030,1
2170040,1
2170100,1
2170120,1
2170150,2
2170200,4
2170220,1
2170230,1
2170320,8
2170340,9
2170350,1
2170410,2
2170480,2
2170490,2
2170500,7
2170520,4
2170600,1
2170610,6
2170630,3
2170720,3
2170740,3
2170830,1
2170840,1
2170900,7
2170910,3
2170990,4
2171020,1
2171120,5
2171130,1
2171140,1
2171160,4
2171230,1
2171260,2
2171290,2
2171340,2
2171460,3
2171470,1
2171480,2
2171490,4
2171540,3
2171560,1
2171580,5
2171650,2
2171700,1
2171730,5
2171820,2
2171830,1
2171890,4
2171900,1
2171910,2
2171920,2
2171960,4
2171980,5
2172000,2
2172110,2
2172130,1
2172220,6
2172260,3
2172290,1
2172350,5
2172380,2
2172420,7
2172440,2
2172450,4
2172490,3
2172510,6
2172520,3
2172550,1
2172560,1
2172570,4
2172660,2
2172670,3
2172700,1
2172770,7
2172800,5
2172820,4
2172830,2
2172860,4
2172970,6
2172980,5
2172990,1
2173040,8
2173070,2
2173210,2
2173330,2
2173390,3
2173430,4
2173470,4
2173570,2
2173580,3
2173620,2
2173630,2
2173650,1
2173660,1
2173670,2
2173680,2
2173710,3
2173740,7
2173760,1
2173770,2
2173840,2
2173870,1
2173880,2
2173940,6
2173950,2
2174010,2
2174030,1
2174080,1
2174160,1
2174190,1
2174230,3
2174240,3
2174300,4
2174320,1
2174350,3
2174400,2
2174420,2
2174520,3
2174570,2
2174590,2
2174620,3
2174640,3
2174810,4
2174820,4
2174830,2
2174840,1
2174860,2
2174970,1
2175020,1
2175040,1
2175080,10
2175090,1
2175200,1
2175210,2
2175240,3
2175330,2
2175350,5
2175360,1
2175420,10
2175440,2
2175480,1
2175500,3
2175530,1
2175600,2
2175620,3
2175780,2
2175920,2
2175940,11
2175950,1
2176040,2
2176160,4
2176180,3
2176200,2
2176220,3
2176230,3
2176270,2
2176290,1
2176330,1
2176390,1
2176400,3
2176410,1
2176440,2
2176450,1
2176460,1
2176480,1
2176500,2
2176520,1
2176530,3
2176550,5
2176570,6
2176630,1
2176640,1
2176670,3
2176710,2
2176720,1
2176750,3
2176790,4
2176820,1
2176850,1
2176890,4
2176910,3
2176930,9
2176940,1
2177010,3
2177100,2
2177110,4
2177150,2
2177170,1
2177210,4
2177250,5
2177370,2
2177400,2
2177500,1
2177570,2
2177590,8
2177610,2
2177660,1
2177670,1
2177690,1
2177720,4
2177760,2
2177850,3
2177860,2
2177870,1
2177880,8
2177940,2
2177970,2
2177980,1
2178080,6
2178090,3
2178100,1
2178180,6
2178220,2
2178240,7
2178270,1
2178340,3
2178360,5
2178380,1
2178410,3
2178460,6
2178470,4
2178510,1
2178550,2
2178640,3
2178660,1
2178690,2
2178720,4
2178730,1
2178750,1
2178760,6
2178800,4
2178850,4
2178860,2
2178870,4
2178900,2
2178910,4
2178920,4
2178960,1
2179090,1
2179100,6
2179160,1
2179230,3
2179270,4
2179470,3
2179480,2
2179520,6
2179530,7
2179610,1
2179750,4
2179830,3
2179990,3
2180010,1
2180030,1
2180040,2
2180060,2
2180070,2
2180220,3
2180250,1
2180270,12
2180310,1
2180390,2
2180410,5
2180450,3
2180460,9
